Page_URL,name,address,rating,review_count,website,phone,price
"https://www.google.com/maps/place/Im+Herzen+Afrikas+Frankfurt/@50.1074351,8.6716578,17z/data=!3m1!4b1!4m6!3m5!1s0x47bd0eaa0c6b76f9:0x3e8ecee194fc396b!8m2!3d50.1074351!4d8.6716578!16s%2Fg%2F1td9cwqj?authuser=0&hl=de&entry=ttu&g_ep=EgoyMDI2MDIwNC4wIKXMDSoASAFQAw%3D%3D",Im Herzen Afrikas Frankfurt,"Gutleutstraße 13, 60329 Frankfurt am Main",4.7 ,3582,/url?q=https://www.imherzenafrikas-frankfurt.de/&opi=79508299&sa=U&ved=0ahUKEwj3guaW48eSAxWUQ_EDHc7mICgQ61gIFygO&usg=AOvVaw3R6Lha8Jv-2nsxx2ojOCCm,069 24246080,20–30 
"https://www.google.com/maps/place/Restaurant+Kish/@50.1210825,8.6492541,17z/data=!3m1!4b1!4m6!3m5!1s0x47bd09430d4cc71d:0xde9d80b52296e1d0!8m2!3d50.1210825!4d8.6492541!16s%2Fg%2F1vlqp9wf?authuser=0&hl=de&entry=ttu&g_ep=EgoyMDI2MDIwNC4wIKXMDSoASAFQAw%3D%3D",Restaurant Kish,"Leipziger Str. 16A, 60487 Frankfurt am Main",4.8 ,10542,/url?q=https://www.kish-restaurant.de/&opi=79508299&sa=U&ved=0ahUKEwj1p-aZ48eSAxViVUEAHV5HLGQQ61gIFygO&usg=AOvVaw2GBWXrhl76wTKu42FQ896_,069 77039888,20–30 
"https://www.google.com/maps/place/Medici/@50.1119131,8.6787454,17z/data=!3m1!4b1!4m6!3m5!1s0x47bd0eaf2dba4dbf:0xe1c9a6538cb6fb3!8m2!3d50.1119131!4d8.6787454!16s%2Fg%2F1v3dr7f7?authuser=0&hl=de&entry=ttu&g_ep=EgoyMDI2MDIwNC4wIKXMDSoASAFQAw%3D%3D",Medici,"Weißadlergasse 2, 60311 Frankfurt am Main",4.6 ,1663,/url?q=http://www.restaurantmedici.de/&opi=79508299&sa=U&ved=0ahUKEwiKyaSc48eSAxXTUkEAHXXjBZcQ61gIEygO&usg=AOvVaw2so2cNpCACaHyt0nn4OHXU,069 21990794,
"https://www.google.com/maps/place/Trattoria+i+Siciliani+Ristorante+Italiano/@50.1046864,8.6842197,17z/data=!3m1!4b1!4m6!3m5!1s0x47bd0c1dc198e3b3:0x8ca4ede85d583043!8m2!3d50.1046864!4d8.6842197!16s%2Fg%2F1tlmmfnz?authuser=0&hl=de&entry=ttu&g_ep=EgoyMDI2MDIwNC4wIKXMDSoASAFQAw%3D%3D",Trattoria i Siciliani Ristorante Italiano,"Walter-Kolb-Straße 17, 60594 Frankfurt am Main",4.9 ,2637,/url?q=http://www.trattoriaisiciliani.de/&opi=79508299&sa=U&ved=0ahUKEwi50dye48eSAxV5VkEAHWntFOkQ61gIEygO&usg=AOvVaw0IC_6RVAUg3D14y2SVmunq,069 61993321,
"https://www.google.com/maps/place/Panamaa+Restaurant+%26+Bar+-+Frankfurt+am+Main/@50.1099242,8.6873916,17z/data=!3m1!4b1!4m6!3m5!1s0x47bd0fb6865bd255:0x71b84983d3f54a7c!8m2!3d50.1099242!4d8.6873916!16s%2Fg%2F11t6yhz7w0?authuser=0&hl=de&entry=ttu&g_ep=EgoyMDI2MDIwNC4wIKXMDSoASAFQAw%3D%3D",Panamaa Restaurant & Bar - Frankfurt am Main,"Fahrgasse 3, 60311 Frankfurt am Main",4.9 ,365,/url?q=https://panamaa.de/&opi=79508299&sa=U&ved=0ahUKEwj54oih48eSAxX6T0EAHZJ_MNYQ61gIFygO&usg=AOvVaw1Knx4tamcdFw4edIjiGU7O,069 92039510,20–30 
"https://www.google.com/maps/place/Frankfurter+Wirtshaus/@50.1093364,8.681724,17z/data=!3m1!4b1!4m6!3m5!1s0x47bd0ff4642cc529:0x7684ce8004571f2!8m2!3d50.1093364!4d8.681724!16s%2Fg%2F11gj0xlyy_?authuser=0&hl=de&entry=ttu&g_ep=EgoyMDI2MDIwNC4wIKXMDSoASAFQAw%3D%3D",Frankfurter Wirtshaus,"Mainkai 35, 60311 Frankfurt am Main",4.3 ,1315,/url?q=http://frankfurterwirtshaus.de/&opi=79508299&sa=U&ved=0ahUKEwj_5bqj48eSAxXkdUEAHfzWAzgQ61gIFygO&usg=AOvVaw2DPSSItFBYMwLzMyG7SdZQ,069 29728660,20–30 
"https://www.google.com/maps/place/Le+Petit+Chef+-+Frankfurt/@50.1102913,8.6760504,17z/data=!3m1!4b1!4m6!3m5!1s0x47bd0f97da9baf91:0x9ecc18f326a30bc!8m2!3d50.1102913!4d8.6760504!16s%2Fg%2F11hp86rbq9?authuser=0&hl=de&entry=ttu&g_ep=EgoyMDI2MDIwNC4wIKXMDSoASAFQAw%3D%3D",Le Petit Chef - Frankfurt,"Steigenberger Frankfurter Hof, Bethmannstraße 33, 60311 Frankfurt am Main",4.7 ,665,/url?q=https://lepetitchef.com/frankfurt/%3Futm_source%3Dgoogle%26utm_medium%3Dlocal%26utm_campaign%3Dgmb&opi=79508299&sa=U&ved=0ahUKEwilhI6m48eSAxUHVEEAHRp9KNwQ61gIGCgQ&usg=AOvVaw3zbajXAZfBs1EM2JqoJ1sq,069 348676366,Mehr als 100 
"https://www.google.com/maps/place/Kyoto+Restaurant/@50.1121904,8.6783573,17z/data=!3m1!4b1!4m6!3m5!1s0x47bd0f3eada3d2f9:0xc8e7cc99efda7f93!8m2!3d50.1121904!4d8.6783573!16s%2Fg%2F11y4q9mxd8?authuser=0&hl=de&entry=ttu&g_ep=EgoyMDI2MDIwNC4wIKXMDSoASAFQAw%3D%3D",Kyoto Restaurant,"Kleiner Hirschgraben 10, 60311 Frankfurt am Main",4.8 ,379,/url?q=http://www.kyoto-restaurant-frankfurt.de/&opi=79508299&sa=U&ved=0ahUKEwiK_b-o48eSAxWvVkEAHYnFDr8Q61gIFygO&usg=AOvVaw23zS_WNSapL3s2ism-pQqs,069 90758619,20–30 
"https://www.google.com/maps/place/Main+Nizza+Gastronomie/@50.1065,8.6738901,17z/data=!3m1!4b1!4m6!3m5!1s0x47bd0c020ed57fcf:0xd53dc7f7bad786aa!8m2!3d50.1065!4d8.6738901!16s%2Fg%2F1th22xvl?authuser=0&hl=de&entry=ttu&g_ep=EgoyMDI2MDIwNC4wIKXMDSoASAFQAw%3D%3D",Main Nizza Gastronomie,"Untermainkai 17, 60329 Frankfurt am Main",4.2 ,3376,/url?q=http://mainnizza.de/&opi=79508299&sa=U&ved=0ahUKEwitnJ2r48eSAxWFX0EAHb6EE3EQ61gIEygO&usg=AOvVaw2ilmoak8q1JYQ94PaxwQek,069 26952922,
"https://www.google.com/maps/place/DER+FETTE+BULLE/@50.1077009,8.6664862,17z/data=!3m1!4b1!4m6!3m5!1s0x47bd09555357682b:0x19d6d5e4b9813e63!8m2!3d50.1077009!4d8.6664862!16s%2Fg%2F1pzr3fds_?authuser=0&hl=de&entry=ttu&g_ep=EgoyMDI2MDIwNC4wIKXMDSoASAFQAw%3D%3D",DER FETTE BULLE,"Kaiserstraße 73, 60329 Frankfurt am Main",4.6 ,7358,/url?q=http://derfettebulle.de/&opi=79508299&sa=U&ved=0ahUKEwiZptCt48eSAxVaVkEAHXGaG-0Q61gIFigO&usg=AOvVaw33tuoJlXi0EzmBzt3k6k2j,069 90757004,20–30 
"https://www.google.com/maps/place/Ariston+Restaurant/@50.1155259,8.6890622,17z/data=!3m1!4b1!4m6!3m5!1s0x47bd0ea357a991e3:0xb9f3066be4eb5f1d!8m2!3d50.1155259!4d8.6890622!16s%2Fg%2F1thvrtfk?authuser=0&hl=de&entry=ttu&g_ep=EgoyMDI2MDIwNC4wIKXMDSoASAFQAw%3D%3D",Ariston Restaurant,"Heiligkreuzgasse 29, 60313 Frankfurt am Main",4.5 ,2049,/url?q=http://www.ariston-restaurant.de/&opi=79508299&sa=U&ved=0ahUKEwi_04Sw48eSAxXDU0EAHUc2LxQQ61gIEygO&usg=AOvVaw1ocnTsxt4TXib6ht4Fmz_R,069 92039950,
"https://www.google.com/maps/place/Wirtshaus+im+Ostend/@50.1105449,8.7000704,17z/data=!3m1!4b1!4m6!3m5!1s0x47bd0e9950e1068d:0xc1a2441effafa607!8m2!3d50.1105449!4d8.7000704!16s%2Fg%2F1v8kzqqh?authuser=0&hl=de&entry=ttu&g_ep=EgoyMDI2MDIwNC4wIKXMDSoASAFQAw%3D%3D",Wirtshaus im Ostend,"Rückertstraße 22, 60314 Frankfurt am Main",4.5 ,1876,/url?q=https://wirtshaus-im-ostend.de/&opi=79508299&sa=U&ved=0ahUKEwjIz7Oy48eSAxUnTUEAHT6gG4AQ61gIFygO&usg=AOvVaw3Kznhe3HmFg9jRGmrMJLOC,069 90435800,20–30 
"https://www.google.com/maps/place/Restaurant+Paulaner+am+Dom/@50.110915,8.68613,17z/data=!3m1!4b1!4m6!3m5!1s0x47bd0ea69faf4d63:0x22280cc7cd0ed58!8m2!3d50.110915!4d8.68613!16s%2Fg%2F1hc13gcjp?authuser=0&hl=de&entry=ttu&g_ep=EgoyMDI2MDIwNC4wIKXMDSoASAFQAw%3D%3D",Restaurant Paulaner am Dom,"Domplatz 6, 60311 Frankfurt am Main",4.3 ,6135,/url?q=https://paulaner-am-dom.de/&opi=79508299&sa=U&ved=0ahUKEwirqOW048eSAxUIXUEAHUsgJzAQ61gIFygO&usg=AOvVaw0QronLpCRlrx25hSMFx8MK,069 20976890,20–30 
"https://www.google.com/maps/place/Main+Tower+Restaurant+%26+Lounge/@50.1122635,8.6721847,17z/data=!3m1!4b1!4m6!3m5!1s0x47bd0eac7a19bf27:0x96f8bd3f5d386645!8m2!3d50.1122635!4d8.6721847!16s%2Fg%2F1hf2x76tj?authuser=0&hl=de&entry=ttu&g_ep=EgoyMDI2MDIwNC4wIKXMDSoASAFQAw%3D%3D",Main Tower Restaurant & Lounge,"Neue Mainzer Str. 52-58, 60311 Frankfurt am Main",4.6 ,1112,/url?q=http://www.maintower-restaurant.de/&opi=79508299&sa=U&ved=0ahUKEwjUxJS348eSAxUed0EAHSmnDBcQ61gIEigK&usg=AOvVaw1Cxr2Y7ywm_ULJ3RCGYELJ,,Mehr als 100 
"https://www.google.com/maps/place/MyPita/@50.1053377,8.6897548,17z/data=!3m1!4b1!4m6!3m5!1s0x47bd0dea3ae80dd3:0x7badfecfb48f110d!8m2!3d50.1053377!4d8.6897548!16s%2Fg%2F11lg3qy3m9?authuser=0&hl=de&entry=ttu&g_ep=EgoyMDI2MDIwNC4wIKXMDSoASAFQAw%3D%3D",MyPita,"Kleine Rittergasse 43, 60594 Frankfurt am Main",4.7 ,1121,/url?q=https://www.mypita.de/&opi=79508299&sa=U&ved=0ahUKEwjCmsi548eSAxXjSEEAHdT5KrEQ61gIFigO&usg=AOvVaw10WuBA5MeUBKL62PboufXj,069 60607081,10–20 
"https://www.google.com/maps/place/R%C3%B6mer+Pils+Brunnen/@50.1132851,8.6837177,17z/data=!3m1!4b1!4m6!3m5!1s0x47bd0ea5a460797f:0xe89c73810a41ecc!8m2!3d50.1132851!4d8.6837177!16s%2Fg%2F11xdf2zpx?authuser=0&hl=de&entry=ttu&g_ep=EgoyMDI2MDIwNC4wIKXMDSoASAFQAw%3D%3D",Römer Pils Brunnen,"Töngesgasse 19, 60311 Frankfurt am Main",4.4 ,358,/url?q=http://roemerpilsbrunnen.de/&opi=79508299&sa=U&ved=0ahUKEwjgnPy748eSAxWpT0EAHVtfJQQQ61gIFygO&usg=AOvVaw0Y2b3fkFIi21sLeIHrSJyL,069 287712,20–30 
"https://www.google.com/maps/place/Bidlabu/@50.1142836,8.6743223,17z/data=!3m1!4b1!4m6!3m5!1s0x47bd0eac322bccab:0x3f17631b3bfb2086!8m2!3d50.1142836!4d8.6743223!16s%2Fg%2F1233822wp?authuser=0&hl=de&entry=ttu&g_ep=EgoyMDI2MDIwNC4wIKXMDSoASAFQAw%3D%3D",Bidlabu,"Kleine Bockenheimer Str. 14, 60313 Frankfurt am Main",4.7 ,641,/url?q=https://bidlabu.de/&opi=79508299&sa=U&ved=0ahUKEwjas6m-48eSAxVQVkEAHaV8K8YQ61gIFygO&usg=AOvVaw2Hc6cpUvsH-mwWCmIxGzIU,069 95648784,Mehr als 100 
"https://www.google.com/maps/place/Apfelweinwirtschaft+Atschel/@50.1048592,8.6888921,17z/data=!3m1!4b1!4m6!3m5!1s0x47bd0c1fccd90cb5:0x7724de69fdf91dc1!8m2!3d50.1048592!4d8.6888921!16s%2Fg%2F1wk7pzv3?authuser=0&hl=de&entry=ttu&g_ep=EgoyMDI2MDIwNC4wIKXMDSoASAFQAw%3D%3D",Apfelweinwirtschaft Atschel,"Wallstraße 7, 60594 Frankfurt am Main",4.6 ,3631,/url?q=http://www.atschel.de/&opi=79508299&sa=U&ved=0ahUKEwjUw9vA48eSAxWhVUEAHYRUByYQ61gIFygO&usg=AOvVaw1ZRqJ-aaLWUppbjMYByPlI,069 619201,20–30 
"https://www.google.com/maps/place/Zu+den+12+Aposteln/@50.1173831,8.6863403,17z/data=!3m1!4b1!4m6!3m5!1s0x47bd0ebb20f9cae7:0xf034cb32e36d3dba!8m2!3d50.1173831!4d8.6863403!16s%2Fg%2F1xgrm1bl?authuser=0&hl=de&entry=ttu&g_ep=EgoyMDI2MDIwNC4wIKXMDSoASAFQAw%3D%3D",Zu den 12 Aposteln,"Rosenbergerstraße 1, 60313 Frankfurt am Main",4.4 ,1046,/url?q=https://speisekartenweb.de/restaurants/frankfurt%2Bam%2Bmain/zu-den-12-aposteln-174897%3Futm_source%3Dgoogle_profile%26utm_medium%3Dgoogle_profile%26utm_campaign%3Dadmin&opi=79508299&sa=U&ved=0ahUKEwjq5I_D48eSAxXCaEEAHdAhGTYQ61gIFygO&usg=AOvVaw3VOBXVJPJHeJ0TZIvpV118,069 288668,20–30 
"https://www.google.com/maps/place/Restaurant+GIOIA/@50.1049638,8.6898854,17z/data=!3m1!4b1!4m6!3m5!1s0x47bd0c1fdacb6b43:0x8b0a4b7d557b7c42!8m2!3d50.1049638!4d8.6898854!16s%2Fg%2F1hhwbsts6?authuser=0&hl=de&entry=ttu&g_ep=EgoyMDI2MDIwNC4wIKXMDSoASAFQAw%3D%3D",Restaurant GIOIA,"Paradiesgasse 67, 60594 Frankfurt am Main",4.4 ,2981,/url?q=https://www.gioiafrankfurt.de/&opi=79508299&sa=U&ved=0ahUKEwjz5svF48eSAxV6U0EAHT6aCMgQ61gIFigO&usg=AOvVaw3Hm2mhc3Lf5xakEVUrbjJr,069 61995004,20–30 
"https://www.google.com/maps/place/Restaurant+MyFrankfurt/@50.112575,8.681793,17z/data=!3m1!4b1!4m6!3m5!1s0x47bd0f1ee4b8c4c9:0x32e7d0077fb90387!8m2!3d50.112575!4d8.681793!16s%2Fg%2F11fq1x0pzr?authuser=0&hl=de&entry=ttu&g_ep=EgoyMDI2MDIwNC4wIKXMDSoASAFQAw%3D%3D",Restaurant MyFrankfurt,"Liebfrauenberg 37, 60313 Frankfurt am Main",4.5 ,955,/url?q=https://www.restaurantmyfrankfurt.de/&opi=79508299&sa=U&ved=0ahUKEwirnf_H48eSAxWuV0EAHRlFDAMQ61gIFygO&usg=AOvVaw36HHjl2xciBQtW_kG2g6Ha,069 92883123,20–30 
"https://www.google.com/maps/place/Saravanaa+Bhavan/@50.1080743,8.6662649,17z/data=!3m1!4b1!4m6!3m5!1s0x47bd0eaab2f7bdab:0xba6c232b06726980!8m2!3d50.1080743!4d8.6662649!16s%2Fg%2F1pp2wwy9v?authuser=0&hl=de&entry=ttu&g_ep=EgoyMDI2MDIwNC4wIKXMDSoASAFQAw%3D%3D",Saravanaa Bhavan,"Kaiserstraße 68, 60329 Frankfurt am Main",4.6 ,5121,/url?q=https://saravanaabhavan.eu/frankfurt/&opi=79508299&sa=U&ved=0ahUKEwiD8KrK48eSAxW4X0EAHQPSESIQ61gIFigO&usg=AOvVaw01A9XhCIsKRJkYkYIyfvtg,069 25626378,10–20 
"https://www.google.com/maps/place/Wirtshaus+am+H%C3%BChnermarkt/@50.1110131,8.6839888,17z/data=!3m1!4b1!4m6!3m5!1s0x47bd0f48b5e599f5:0x85a23114cb02e267!8m2!3d50.1110131!4d8.6839888!16s%2Fg%2F11gjj2r8n1?authuser=0&hl=de&entry=ttu&g_ep=EgoyMDI2MDIwNC4wIKXMDSoASAFQAw%3D%3D",Wirtshaus am Hühnermarkt,"Markt 16-18, 60311 Frankfurt am Main",4.7 ,708,/url?q=http://www.amhuehnermarkt.com/&opi=79508299&sa=U&ved=0ahUKEwir0t3M48eSAxWUWkEAHW48LRwQ61gIEygO&usg=AOvVaw2vltUInuLHngwpZd6TtOOi,0171 7503831,
"https://www.google.com/maps/place/Harput+Restaurant+Frankfurt/@50.1121671,8.6792832,17z/data=!3m1!4b1!4m6!3m5!1s0x47bd0f8cdf5f5fe9:0x5c49969d9ba1c54!8m2!3d50.1121671!4d8.6792832!16s%2Fg%2F11x8xq4nbj?authuser=0&hl=de&entry=ttu&g_ep=EgoyMDI2MDIwNC4wIKXMDSoASAFQAw%3D%3D",Harput Restaurant Frankfurt,"Kornmarkt 11, 60311 Frankfurt am Main",4.7 ,796,/url?q=https://harputfrankfurt.de/&opi=79508299&sa=U&ved=0ahUKEwjS14_P48eSAxWJU0EAHWMnKqYQ61gIFigO&usg=AOvVaw2DnXj8iHohI_XUCzbDH-sa,069 78806752,20–30 
"https://www.google.com/maps/place/Gastst%C3%A4tte+Mutter+Ernst/@50.1156804,8.6773979,17z/data=!3m1!4b1!4m6!3m5!1s0x47bd0eae9c52c367:0x9c05ebdd4acdf386!8m2!3d50.1156804!4d8.6773979!16s%2Fg%2F1tfy_76f?authuser=0&hl=de&entry=ttu&g_ep=EgoyMDI2MDIwNC4wIKXMDSoASAFQAw%3D%3D",Gaststätte Mutter Ernst,"Rahmhofstraße 2-4, 60313 Frankfurt am Main",4.4 ,1306,/url?q=https://speisekartenweb.de/restaurants/frankfurt%2Bam%2Bmain/mutter-ernst-188010%3Futm_source%3Dgoogle_profile%26utm_medium%3Dgoogle_profile%26utm_campaign%3Dadmin&opi=79508299&sa=U&ved=0ahUKEwj5-rvR48eSAxUEQEEAHdcpHtwQ61gIFigO&usg=AOvVaw1-Tdt0utHIYDPZIT-lfsCt,069 15341610,20–30 
"https://www.google.com/maps/place/Dal+Rotti+Indian+Restaurant/@50.1092781,8.6672689,17z/data=!3m1!4b1!4m6!3m5!1s0x47bd0fd1e136f757:0x8627f1f851e05a64!8m2!3d50.1092781!4d8.6672689!16s%2Fg%2F11w24ktmxh?authuser=0&hl=de&entry=ttu&g_ep=EgoyMDI2MDIwNC4wIKXMDSoASAFQAw%3D%3D",Dal Rotti Indian Restaurant,"Taunusstraße 25, 60329 Frankfurt am Main",4.7 ,1662,/url?q=https://www.dalrotti.com/&opi=79508299&sa=U&ved=0ahUKEwimpu3T48eSAxUKU0EAHZYCL7MQ61gIFygO&usg=AOvVaw2VMH8hyLB8N2kAs-J-yY5K,069 30036126,10–20 
"https://www.google.com/maps/place/Occhio+d%E2%80%99Oro/@50.1175261,8.679976,17z/data=!3m1!4b1!4m6!3m5!1s0x47bd0eb0322bf9b3:0x2d9a81ef21595d72!8m2!3d50.1175261!4d8.679976!16s%2Fg%2F11rqkm5g2z?authuser=0&hl=de&entry=ttu&g_ep=EgoyMDI2MDIwNC4wIKXMDSoASAFQAw%3D%3D",Occhio d’Oro,"Flemings Selection Hotel Frankfurt-City, Eschenheimer Tor 2, 60318 Frankfurt am Main",4.7 ,641,/url?q=https://speisekartenweb.de/restaurants/frankfurt%2Bam%2Bmain/occhio-d%2527oro-263504%3Futm_source%3Dgoogle_profile%26utm_medium%3Dgoogle_profile%26utm_campaign%3Dadmin&opi=79508299&sa=U&ved=0ahUKEwjouJ_W48eSAxXxXkEAHSs5FbwQ61gIFSgQ&usg=AOvVaw2vctgJXmv2opj8Kn7XyxTS,069 989728500,
"https://www.google.com/maps/place/Frankfurter+K%C3%BCche/@50.1114679,8.7042677,17z/data=!3m1!4b1!4m6!3m5!1s0x4173139d9be33d5b:0xbde488878f52d82e!8m2!3d50.1114679!4d8.7042677!16s%2Fg%2F1q5ccj2g7?authuser=0&hl=de&entry=ttu&g_ep=EgoyMDI2MDIwNC4wIKXMDSoASAFQAw%3D%3D",Frankfurter Küche,"Hanauer Landstraße 86, 60314 Frankfurt am Main",4.5 ,167,/url?q=http://www.restaurant-frankfurter-kueche.de/&opi=79508299&sa=U&ved=0ahUKEwjB1crY48eSAxUpdUEAHXmkCjEQ61gIFigO&usg=AOvVaw35gMZbi7ztTH0G1z1JXfPV,069 43056878,20–30 
"https://www.google.com/maps/place/Ebbelwoi+Unser/@50.104492,8.6885826,17z/data=!3m1!4b1!4m6!3m5!1s0x47bd0c1e35091531:0x2cd722da54a4fbef!8m2!3d50.104492!4d8.6885826!16s%2Fg%2F11c3sqf0nk?authuser=0&hl=de&entry=ttu&g_ep=EgoyMDI2MDIwNC4wIKXMDSoASAFQAw%3D%3D",Ebbelwoi Unser,"Abtsgäßchen 8, 60594 Frankfurt am Main",4.5 ,3049,/url?q=http://www.ebbelwoi-unser.de/&opi=79508299&sa=U&ved=0ahUKEwinof3a48eSAxWfXUEAHRn5KxQQ61gIFigO&usg=AOvVaw2o_JvLYz5NgSpqKq268Ds1,01520 4302659,20–30 
"https://www.google.com/maps/place/Zarathustra+Restaurant+Frankfurt/@50.120386,8.6860989,17z/data=!3m1!4b1!4m6!3m5!1s0x47bd0eba385a7ff3:0x168a36804aa29d!8m2!3d50.120386!4d8.6860989!16s%2Fg%2F11hck1bp2y?authuser=0&hl=de&entry=ttu&g_ep=EgoyMDI2MDIwNC4wIKXMDSoASAFQAw%3D%3D",Zarathustra Restaurant Frankfurt,"Jahnstraße 1, 60318 Frankfurt am Main",4.8 ,3157,/url?q=https://zarathustra-restaurant.de/&opi=79508299&sa=U&ved=0ahUKEwjn2rDd48eSAxWUWkEAHW48LRwQ61gIFigO&usg=AOvVaw2Y55ah8OGwGpcFRltQ2jtf,069 20024976,20–30 
"https://www.google.com/maps/place/Gasthaus+Zum+Eisernen+Steg/@50.10698,8.68305,17z/data=!3m1!4b1!4m6!3m5!1s0x417313786098fb1f:0x7d02ef2e40d3d372!8m2!3d50.10698!4d8.68305!16s%2Fg%2F11b72hnrd7?authuser=0&hl=de&entry=ttu&g_ep=EgoyMDI2MDIwNC4wIKXMDSoASAFQAw%3D%3D",Gasthaus Zum Eisernen Steg,"Schaumainkai 1, 60594 Frankfurt am Main",4.3 ,1028,/url?q=http://www.zes-ffm.de/&opi=79508299&sa=U&ved=0ahUKEwi8_erf48eSAxV0QEEAHY5XJfIQ61gIFigO&usg=AOvVaw3DfLrNhaGb8p4K-BZyfKOw,069 76061800,20–30 
"https://www.google.com/maps/place/Du+Liban-Libanon+Restaurant/@50.1083107,8.6695784,17z/data=!3m1!4b1!4m6!3m5!1s0x47bd0eaa8c7d0cab:0x139f670547761409!8m2!3d50.1083107!4d8.6695784!16s%2Fg%2F1tvw413h?authuser=0&hl=de&entry=ttu&g_ep=EgoyMDI2MDIwNC4wIKXMDSoASAFQAw%3D%3D",Du Liban-Libanon Restaurant,"Weserstraße 17, 60329 Frankfurt am Main",4.7 ,1067,/url?q=https://du-liban-express.de/&opi=79508299&sa=U&ved=0ahUKEwjEv5vi48eSAxUCVkEAHdS5OpsQ61gIFigO&usg=AOvVaw3Z7O2pw4exSI4wO94zSW8_,069 24008686,20–40 
"https://www.google.com/maps/place/Liu's+Chongqing+Hotpot+-+Liu+Yi+Shou/@50.10841,8.66392,17z/data=!3m1!4b1!4m6!3m5!1s0x47bd0edd8cbcedcd:0xddff21cd9a9d1c27!8m2!3d50.10841!4d8.66392!16s%2Fg%2F1w664j68?authuser=0&hl=de&entry=ttu&g_ep=EgoyMDI2MDIwNC4wIKXMDSoASAFQAw%3D%3D",Liu's Chongqing Hotpot - Liu Yi Shou,"Am Hauptbahnhof 16, 60329 Frankfurt am Main",4.8 ,1251,/url?q=http://www.liushotpot.de/&opi=79508299&sa=U&ved=0ahUKEwi4scjk48eSAxWgVEEAHckvDogQ61gIFygO&usg=AOvVaw3mQfEGO02YFH_F0l-4XVSE,069 69597780,30–40 
"https://www.google.com/maps/place/Hudson+Yards+Lounge,+Bar+%26+Dining/@50.1167032,8.6772432,17z/data=!3m1!4b1!4m6!3m5!1s0x47bd0fa1edd86649:0x500ed4c012ed77c!8m2!3d50.1167032!4d8.6772432!16s%2Fg%2F11kf41j6gc?authuser=0&hl=de&entry=ttu&g_ep=EgoyMDI2MDIwNC4wIKXMDSoASAFQAw%3D%3D","Hudson Yards Lounge, Bar & Dining","Hochstraße 4, 60313 Frankfurt am Main",4.6 ,129,/url?q=https://www.hudsonyards-frankfurt.com/&opi=79508299&sa=U&ved=0ahUKEwjE1IDn48eSAxUCVkEAHdS5OpsQ61gIEigO&usg=AOvVaw2I-t8HUwx3AWLMdeeIzJPo,069 133802450,"Wir hatten über Frankfurter Stadtevents ""Herbstliche Schlemmerwochen"" das 4-Gang Menu inclusive einem Glas Allendorf Riesling (49,-) gebucht. Wir starten mit einem Grapefruit Sprizz zur Einstimmung (sehr lecker!). Zur Vorspeise (Carpaccio …"
"https://www.google.com/maps/place/eatDOORI+-+Indisches+Restaurant+Frankfurt/@50.1082777,8.6689294,17z/data=!3m1!4b1!4m6!3m5!1s0x47bd0eaa93bc4a69:0xc1af2edcb8b785a3!8m2!3d50.1082777!4d8.6689294!16s%2Fg%2F1s04wr43m?authuser=0&hl=de&entry=ttu&g_ep=EgoyMDI2MDIwNC4wIKXMDSoASAFQAw%3D%3D",eatDOORI - Indisches Restaurant Frankfurt,"Kaiserstraße 55, 60329 Frankfurt am Main",4.4 ,3128,/url?q=https://eatdoori.com/indisches-restaurant-frankfurt/&opi=79508299&sa=U&ved=0ahUKEwiTms7p48eSAxUxV0EAHVzxN50Q61gIFigO&usg=AOvVaw1tMSg4mTM3RGGqXdFoMmFx,069 236951,20–30 
"https://www.google.com/maps/place/Restaurant+Immer+Satt+I+Events+I+Festlichkeiten/@50.1171719,8.646287,17z/data=!3m1!4b1!4m6!3m5!1s0x47bd095d028b725b:0x8afd7e11d5d68663!8m2!3d50.1171719!4d8.646287!16s%2Fg%2F1hc5dn9v2?authuser=0&hl=de&entry=ttu&g_ep=EgoyMDI2MDIwNC4wIKXMDSoASAFQAw%3D%3D",Restaurant Immer Satt I Events I Festlichkeiten,"Robert-Mayer-Straße 41, 60486 Frankfurt am Main",4.2 ,914,/url?q=http://www.immer-satt-frankfurt.de/&opi=79508299&sa=U&ved=0ahUKEwiRvJzs48eSAxWDXkEAHVlqKnUQ61gIFygO&usg=AOvVaw0f3JPHggvk7ccZ6jH3GV8l,069 24704195,20–30 
"https://www.google.com/maps/place/Mina/@50.104464,8.6922268,17z/data=!3m1!4b1!4m6!3m5!1s0x47bd0df9418b049d:0xa7d849e75438a9dd!8m2!3d50.104464!4d8.6922268!16s%2Fg%2F11rzr06j8b?authuser=0&hl=de&entry=ttu&g_ep=EgoyMDI2MDIwNC4wIKXMDSoASAFQAw%3D%3D",Mina,"Dreieichstraße 45, 60594 Frankfurt am Main",4.9 ,257,,069 36604161,10–20 
"https://www.google.com/maps/place/IntercityHotel+Frankfurt+Hauptbahnhof+S%C3%BCd/@50.1051268,8.6628971,17z/data=!3m1!4b1!4m9!3m8!1s0x47bd0bffaa2fef89:0x3f5224cf76f5f704!5m2!4m1!1i2!8m2!3d50.1051268!4d8.6628971!16s%2Fg%2F11gd3bq_zp?authuser=0&hl=de&entry=ttu&g_ep=EgoyMDI2MDIwNC4wIKXMDSoASAFQAw%3D%3D",IntercityHotel Frankfurt Hauptbahnhof Süd,"Mannheimer Str. 21, 60329 Frankfurt am Main",4.3 ,2482,/url?q=https://hrewards.com/de/intercityhotel-frankfurt-hauptbahnhof-sued%3Fwt_mc%3Dseo_listing.ich.yext.frankfurt_hauptbahnhof.hotel_link.text_cta&opi=79508299&sa=U&ved=0ahUKEwjI_4nx48eSAxVIU0EAHZysKuEQ61gIEigO&usg=AOvVaw2VgOaFt53YuDsRGhiAx7On,069 6599920,231 
"https://www.google.com/maps/place/7+Paintings+-+Frankfurt/@50.1121651,8.704855,17z/data=!3m1!4b1!4m6!3m5!1s0x47bd093f1a880627:0x6c68bb8d2ecd14b3!8m2!3d50.1121651!4d8.704855!16s%2Fg%2F11vwpr2vg4?authuser=0&hl=de&entry=ttu&g_ep=EgoyMDI2MDIwNC4wIKXMDSoASAFQAw%3D%3D",7 Paintings - Frankfurt,"Hanauer Landstraße 81, 60314 Frankfurt am Main",4.6 ,57,/url?q=https://7paintings.com/frankfurt&opi=79508299&sa=U&ved=0ahUKEwjI_9Hz48eSAxUHRUEAHSKFABMQ61gIFigO&usg=AOvVaw0uNjmYL5L8Zr-HjetqaPEM,069 34875967,Mehr als 100 
"https://www.google.com/maps/place/Anni+Brasserie/@50.1126913,8.6743087,17z/data=!3m1!4b1!4m6!3m5!1s0x47bd0fd88b8c45a3:0xc9f76fbd8d6df217!8m2!3d50.1126913!4d8.6743087!16s%2Fg%2F11x1fkngkp?authuser=0&hl=de&entry=ttu&g_ep=EgoyMDI2MDIwNC4wIKXMDSoASAFQAw%3D%3D",Anni Brasserie,"Junghofstraße 7, 60311 Frankfurt am Main",4.7 ,38,/url?q=https://www.annibrasserie.com/&opi=79508299&sa=U&ved=0ahUKEwiPlYT248eSAxXxZkEAHRrVIHMQ61gIEigO&usg=AOvVaw3qsRBcIUGVi7vQmR4tkAd-,069 589979879,
"https://www.google.com/maps/place/OJO+Frankfurt/@50.1161359,8.6762724,17z/data=!3m1!4b1!4m6!3m5!1s0x47bd0eae0ecace5f:0x86438281ac02a58c!8m2!3d50.1161359!4d8.6762724!16s%2Fg%2F11b6cq3qhs?authuser=0&hl=de&entry=ttu&g_ep=EgoyMDI2MDIwNC4wIKXMDSoASAFQAw%3D%3D",OJO Frankfurt,"Hochstraße 27, 60313 Frankfurt am Main",4.6 ,692,/url?q=http://www.ojofrankfurt.de/&opi=79508299&sa=U&ved=0ahUKEwiLmLf448eSAxVGW0EAHVptFvYQ61gIEygO&usg=AOvVaw3luN6hYZDAmYQTD3ywXC3K,069 92020510,
"https://www.google.com/maps/place/Takahumi+Sushi/@50.1142816,8.6769064,17z/data=!3m1!4b1!4m6!3m5!1s0x47bd0f85b52b13cd:0x5c638e25fcca3134!8m2!3d50.1142816!4d8.6769064!16s%2Fg%2F11h51jql6c?authuser=0&hl=de&entry=ttu&g_ep=EgoyMDI2MDIwNC4wIKXMDSoASAFQAw%3D%3D",Takahumi Sushi,"Underground/Untergeschoss via U-Bahn-Haltestelle, An der Hauptwache 7 Allianzpassage, Laden 46-48, 60313 Frankfurt am Main",4.8 ,1069,/url?q=http://www.instagram.com/takahumi.sushi&opi=79508299&sa=U&ved=0ahUKEwixxej648eSAxU2WUEAHZlkIQgQ61gIGSgQ&usg=AOvVaw0dS1IRzmpRE4_5n3kWuxxx,069 13014384,20–40 
"https://www.google.com/maps/place/Adulis+Restaurant/@50.1049909,8.6922852,17z/data=!3m1!4b1!4m6!3m5!1s0x47bd0d8c28835cc5:0x79d867c11b762cf7!8m2!3d50.1049909!4d8.6922852!16s%2Fg%2F11wjq5zpfb?authuser=0&hl=de&entry=ttu&g_ep=EgoyMDI2MDIwNC4wIKXMDSoASAFQAw%3D%3D",Adulis Restaurant,"Dreieichstraße 35, 60594 Frankfurt am Main",5.0 ,90,/url?q=https://www.adulis-restaurant.de/&opi=79508299&sa=U&ved=0ahUKEwj72Kz948eSAxV0QEEAHY5XJfIQ61gIFigO&usg=AOvVaw2YiYBzf0jRR5rFc_-QpQj-,069 33997140,10–20 
"https://www.google.com/maps/place/Restaurant+Salzkammer/@50.1114493,8.6781749,17z/data=!3m1!4b1!4m6!3m5!1s0x47bd0ea8d3fa01b7:0xb9d1d8ad23645177!8m2!3d50.1114493!4d8.6781749!16s%2Fg%2F1tk1m2_w?authuser=0&hl=de&entry=ttu&g_ep=EgoyMDI2MDIwNC4wIKXMDSoASAFQAw%3D%3D",Restaurant Salzkammer,"Weißadlergasse 15, 60311 Frankfurt am Main",4.4 ,2465,/url?q=http://www.salzkammerffm.de/&opi=79508299&sa=U&ved=0ahUKEwiogIaA5MeSAxXCaEEAHdAhGTYQ61gIFygO&usg=AOvVaw10LRi5OpeVWH7TeWAICZ_w,069 92882885,20–30 
"https://www.google.com/maps/place/Mainkai+Caf%C3%A9%E2%80%A2Bistro/@50.1095271,8.685026,17z/data=!3m1!4b1!4m6!3m5!1s0x47bd0ea6e952e075:0xd6a0e46448e249a!8m2!3d50.1095271!4d8.685026!16s%2Fg%2F1tksgxrh?authuser=0&hl=de&entry=ttu&g_ep=EgoyMDI2MDIwNC4wIKXMDSoASAFQAw%3D%3D",Mainkai Café•Bistro,"Mainkai 15, 60311 Frankfurt am Main",4.6 ,2468,/url?q=http://www.mainkaicafe.de/&opi=79508299&sa=U&ved=0ahUKEwjH8raC5MeSAxVFWkEAHfTMLt0Q61gIFigO&usg=AOvVaw0WXzPmHswjZkc5x_cqdnLn,069 26097565,10–20 
"https://www.google.com/maps/place/Caf%C3%A9+Hauptwache/@50.1134922,8.6787353,17z/data=!3m1!4b1!4m6!3m5!1s0x47b915ff27201f41:0x80e7ca5a44298967!8m2!3d50.1134922!4d8.6787353!16s%2Fg%2F11b77p_x8z?authuser=0&hl=de&entry=ttu&g_ep=EgoyMDI2MDIwNC4wIKXMDSoASAFQAw%3D%3D",Café Hauptwache,"An der Hauptwache 15, 60313 Frankfurt am Main",4.1 ,4023,/url?q=https://www.cafe-hauptwache.de/%3Flang%3Den&opi=79508299&sa=U&ved=0ahUKEwjO8uGE5MeSAxXiU0EAHamPEpwQ61gIFygO&usg=AOvVaw0JneRUdfGYbovmXUxcWxUY,069 21998627,10–20 
"https://www.google.com/maps/place/Restaurant+Longobardis+-+Frankfurt/@50.1090555,8.6948388,17z/data=!3m1!4b1!4m6!3m5!1s0x47bd0e9f6bb72b53:0x566dd0a0f0ec1e3d!8m2!3d50.1090555!4d8.6948388!16s%2Fg%2F11f_j2195n?authuser=0&hl=de&entry=ttu&g_ep=EgoyMDI2MDIwNC4wIKXMDSoASAFQAw%3D%3D",Restaurant Longobardis - Frankfurt,"Oskar-von-Miller-Straße 10, 60314 Frankfurt am Main",4.8 ,1539,/url?q=https://longobardis-restaurant.eatbu.com/%3Flang%3Dde&opi=79508299&sa=U&ved=0ahUKEwjCiZOH5MeSAxXYTkEAHaDsBpoQ61gIFygO&usg=AOvVaw1UD3qGOiJ3qAvjkx8JdG1k,0173 5233321,20–30 
"https://www.google.com/maps/place/What's+Beef/@50.1088154,8.677124,17z/data=!3m1!4b1!4m6!3m5!1s0x47bd0ea9ab876e3f:0xde72a4a00fdf131f!8m2!3d50.1088154!4d8.677124!16s%2Fg%2F11cns867yb?authuser=0&hl=de&entry=ttu&g_ep=EgoyMDI2MDIwNC4wIKXMDSoASAFQAw%3D%3D",What's Beef,"Seckbächer G. 5, 60311 Frankfurt am Main",4.5 ,5542,/url?q=https://whatsbeef.de/fresh-burger-fries-and-shakes-in-frankfurt-whats-beef&opi=79508299&sa=U&ved=0ahUKEwiVxb6J5MeSAxXJSkEAHcWRKNAQ61gIFigO&usg=AOvVaw3C9H5dRPDsmh_DElFqLmPG,069 98956170,20–30 
"https://www.google.com/maps/place/Schwarzer+Stern/@50.1101352,8.6826814,17z/data=!3m1!4b1!4m6!3m5!1s0x47bd0ea669b93dd9:0xbadac053dc65608!8m2!3d50.1101352!4d8.6826814!16s%2Fg%2F1tmpd114?authuser=0&hl=de&entry=ttu&g_ep=EgoyMDI2MDIwNC4wIKXMDSoASAFQAw%3D%3D",Schwarzer Stern,"Römerberg 6, 60311 Frankfurt am Main",4.3 ,1437,/url?q=http://schwarzerstern.com/&opi=79508299&sa=U&ved=0ahUKEwiywPGL5MeSAxXsT0EAHQUaCIoQ61gIFygO&usg=AOvVaw3y1-u-pbnNsJiwafWVR-Vk,069 291979,20–40 
"https://www.google.com/maps/place/Miller+%26+Carter+Frankfurt/@50.1158234,8.6738175,17z/data=!3m1!4b1!4m6!3m5!1s0x47bd0f9987e411ad:0x74f6db0acbb585d8!8m2!3d50.1158234!4d8.6738175!16s%2Fg%2F11h0zcrttq?authuser=0&hl=de&entry=ttu&g_ep=EgoyMDI2MDIwNC4wIKXMDSoASAFQAw%3D%3D",Miller & Carter Frankfurt,"Alte Oper, Hochstraße 46, 60313 Frankfurt am Main",4.6 ,1446,/url?q=https://millerandcarter.de/&opi=79508299&sa=U&ved=0ahUKEwiouaOO5MeSAxUJWUEAHZ25EeAQ61gIFSgQ&usg=AOvVaw072QsYzSl6gMqzca4ejInc,069 870066630,
"https://www.google.com/maps/place/African+Queen+Restaurant/@50.1171057,8.6461513,17z/data=!3m1!4b1!4m6!3m5!1s0x47bd0bff3a4a7951:0x426b5d1b7040a277!8m2!3d50.1171057!4d8.6461513!16s%2Fg%2F1td1cjm0?authuser=0&hl=de&entry=ttu&g_ep=EgoyMDI2MDIwNC4wIKXMDSoASAFQAw%3D%3D",African Queen Restaurant,"Schloßstraße 113, 60486 Frankfurt am Main",4.7 ,2709,/url?q=http://african-queen-restaurant.de/&opi=79508299&sa=U&ved=0ahUKEwjurdWQ5MeSAxV_WEEAHZoKLwwQ61gIFigO&usg=AOvVaw0qF_0LLOF_R25i1gDcVi6p,069 24248505,20–30 
"https://www.google.com/maps/place/Savanna+Restaurant+Frankfurt/@50.117861,8.6856765,17z/data=!3m1!4b1!4m6!3m5!1s0x47bd0ebae40560ef:0xff493f882bf9baa6!8m2!3d50.117861!4d8.6856765!16s%2Fg%2F1tgkgdmr?authuser=0&hl=de&entry=ttu&g_ep=EgoyMDI2MDIwNC4wIKXMDSoASAFQAw%3D%3D",Savanna Restaurant Frankfurt,"Alte G. 69, 60313 Frankfurt am Main",4.6 ,545,/url?q=https://www.savanna-restaurant.com/&opi=79508299&sa=U&ved=0ahUKEwi--6OT5MeSAxXaXUEAHVRNLZkQ61gIFygO&usg=AOvVaw1j9KaLJ-7RfRNQSbxkSkTH,069 21998786,20–30 
"https://www.google.com/maps/place/Ariana+Restaurant/@50.1071641,8.6665146,17z/data=!3m1!4b1!4m6!3m5!1s0x47bd0d8b4222f631:0x2f0fc53b0b2cf92d!8m2!3d50.1071641!4d8.6665146!16s%2Fg%2F11mgqwd1jn?authuser=0&hl=de&entry=ttu&g_ep=EgoyMDI2MDIwNC4wIKXMDSoASAFQAw%3D%3D",Ariana Restaurant,"Münchener Str. 48, 60329 Frankfurt am Main",4.7 ,1166,/url?q=https://arianafrankfurt.de/&opi=79508299&sa=U&ved=0ahUKEwiru9WV5MeSAxWcVUEAHZ91F48Q61gIFygO&usg=AOvVaw25j2MwVe_30imfg2lhQUNz,069 95117616,10–20 
"https://www.google.com/maps/place/Zum+Eichkatzerl/@50.1052515,8.6923809,17z/data=!3m1!4b1!4m6!3m5!1s0x47bd0c1fffaf4dc1:0x9c94f1bf3b24b7c3!8m2!3d50.1052515!4d8.6923809!16s%2Fg%2F1tv3mt7b?authuser=0&hl=de&entry=ttu&g_ep=EgoyMDI2MDIwNC4wIKXMDSoASAFQAw%3D%3D",Zum Eichkatzerl,"Dreieichstraße 29, 60594 Frankfurt am Main",4.4 ,1727,/url?q=http://www.eichkatzerl.de/&opi=79508299&sa=U&ved=0ahUKEwiXv4GY5MeSAxX9X0EAHWJrL5EQ61gIFigO&usg=AOvVaw01LNZxbDMpeE4DLFBrS7gY,069 617480,20–30 
"https://www.google.com/maps/place/YA%E2%80%99+MEDINA+Steaks%26More+Halal+Steakhouse+Frankfurt/@50.1124986,8.684925,17z/data=!3m1!4b1!4m6!3m5!1s0x47bd0ea44a64d8b3:0xde712f476aa0384!8m2!3d50.1124986!4d8.684925!16s%2Fg%2F11g7zvy1xq?authuser=0&hl=de&entry=ttu&g_ep=EgoyMDI2MDIwNC4wIKXMDSoASAFQAw%3D%3D",YA’ MEDINA Steaks&More Halal Steakhouse Frankfurt,"Berliner Str. 10, 60311 Frankfurt am Main",4.6 ,2894,/url?q=https://medina-steakhouse.de/&opi=79508299&sa=U&ved=0ahUKEwiAubWa5MeSAxVYTEEAHQ-JEScQ61gIFigO&usg=AOvVaw2o1DBpClvpsYdhX5nGtG1p,0176 73960668,20–40 
"https://www.google.com/maps/place/Neu-Frankfurt+am+Main/@50.1160821,8.6514488,17z/data=!3m1!4b1!4m6!3m5!1s0x47bd09c51f28d733:0x461399c0291ac331!8m2!3d50.1160821!4d8.6514488!16s%2Fg%2F11rn4r68bd?authuser=0&hl=de&entry=ttu&g_ep=EgoyMDI2MDIwNC4wIKXMDSoASAFQAw%3D%3D",Neu-Frankfurt am Main,"Senckenberganlage 15, 60325 Frankfurt am Main",4.4 ,51,/url?q=https://www.melia.com/de/hotels/deutschland/frankfurt/melia-frankfurt-city%3Futm_campaign%3Dgoogle%26utm_content%3D6595%26utm_medium%3Dorganic%26utm_source%3Ddirectories&opi=79508299&sa=U&ved=0ahUKEwjRwO2c5MeSAxUwRkEAHUAsG1IQ61gIFCgK&usg=AOvVaw3m5BQhGzm-wJZqrHLYadE7,,20–30 
"https://www.google.com/maps/place/DoyDoy+Steak+%26+Grillhouse/@50.1146861,8.6902639,17z/data=!3m1!4b1!4m6!3m5!1s0x47bd0ea315628de5:0xbff010896cf74a24!8m2!3d50.1146861!4d8.6902639!16s%2Fg%2F1td_xqfx?authuser=0&hl=de&entry=ttu&g_ep=EgoyMDI2MDIwNC4wIKXMDSoASAFQAw%3D%3D",DoyDoy Steak & Grillhouse,"Zeil 25, 60313 Frankfurt am Main",4.7 ,2723,/url?q=http://doydoy-frankfurt.com/&opi=79508299&sa=U&ved=0ahUKEwijm6Cf5MeSAxWBUUEAHSVjCgQQ61gIFygO&usg=AOvVaw2HFw2cezn4_5Knul7zXmE1,069 20976868,10–20 
"https://www.google.com/maps/place/Alten+Limpurg/@50.1102019,8.6816766,17z/data=!3m1!4b1!4m6!3m5!1s0x47bd0ea6162cf1f9:0xeaf718b47a283a6!8m2!3d50.1102019!4d8.6816766!16s%2Fg%2F121bk91_?authuser=0&hl=de&entry=ttu&g_ep=EgoyMDI2MDIwNC4wIKXMDSoASAFQAw%3D%3D",Alten Limpurg,"Römerberg 17, 60311 Frankfurt am Main",4.2 ,844,/url?q=https://www.alten-limpurg.com/&opi=79508299&sa=U&ved=0ahUKEwiThuCh5MeSAxXUVkEAHYV_LLwQ61gIEigK&usg=AOvVaw06QUywaprIudX-MXybRSfi,,10–20 
"https://www.google.com/maps/place/Harvey's/@50.12316,8.69306,17z/data=!3m1!4b1!4m6!3m5!1s0x47bd0ebee7374341:0xf7851ece8b4296ff!8m2!3d50.12316!4d8.69306!16s%2Fg%2F1tfsgj7g?authuser=0&hl=de&entry=ttu&g_ep=EgoyMDI2MDIwNC4wIKXMDSoASAFQAw%3D%3D",Harvey's,"Bornheimer Landstraße 64, 60316 Frankfurt am Main",4.2 ,1395,/url?q=https://harveys-ffm.de/&opi=79508299&sa=U&ved=0ahUKEwjky4uk5MeSAxUDTkEAHVZZBtwQ61gIFigO&usg=AOvVaw1TNfdMvk79pYv-NP5r2OZp,069 48004878,20–30 
"https://www.google.com/maps/place/Azalye+Caf%C3%A9+-+Frankfurt+am+Main/@50.1097648,8.678024,17z/data=!3m1!4b1!4m6!3m5!1s0x47bd0f2f87d5ee37:0x900e5a5530de41da!8m2!3d50.1097648!4d8.678024!16s%2Fg%2F11j8zb1806?authuser=0&hl=de&entry=ttu&g_ep=EgoyMDI2MDIwNC4wIKXMDSoASAFQAw%3D%3D",Azalye Café - Frankfurt am Main,"Münzgasse 10, 60311 Frankfurt am Main",4.8 ,278,/url?q=https://azalye-cafe.eatbu.com/%3Flang%3Dde&opi=79508299&sa=U&ved=0ahUKEwjaxsym5MeSAxVaVkEAHXGaG-0Q61gIFigO&usg=AOvVaw32Khsfmcf5AiwRoEyn_eQZ,015565 042814,10–20 
"https://www.google.com/maps/place/Burbank+Frankfurt/@50.104587,8.6666218,17z/data=!3m1!4b1!4m6!3m5!1s0x47bd0dc60e182b17:0x66c27d9c378a2ce5!8m2!3d50.104587!4d8.6666218!16s%2Fg%2F11j1m_6v_x?authuser=0&hl=de&entry=ttu&g_ep=EgoyMDI2MDIwNC4wIKXMDSoASAFQAw%3D%3D",Burbank Frankfurt,"Gutleutstraße 85, 60329 Frankfurt am Main",4.8 ,132,/url?q=http://www.burbank-frankfurt.de/&opi=79508299&sa=U&ved=0ahUKEwizrPio5MeSAxVbVEEAHT86Ef8Q61gIEigO&usg=AOvVaw1iVY7B2yOcCDjwVgXWIGLl,069 271342812,"Hohe Preise, kleine Portionen. Das ist Ok wenn die Qualität stimmt. Leider war das Beef Tartar komplett in Soja Sauce ertränkt. Das ist ziemlich schade weil man nichts vom Fleisch mehr schmecken konnte. Für knapp 40 als Vorspeise leider sehr enttäuschend. Die Tostadas waren sehr lecker. Der Service war nett, wenn auch etwas kühl."
"https://www.google.com/maps/place/Oosten+%E2%80%93+Realwirtschaft+am+Main/@50.107666,8.702715,17z/data=!3m1!4b1!4m6!3m5!1s0x47bd0e9c50ba1f7b:0xa41e302689721b0a!8m2!3d50.107666!4d8.702715!16s%2Fg%2F12hkwpn_8?authuser=0&hl=de&entry=ttu&g_ep=EgoyMDI2MDIwNC4wIKXMDSoASAFQAw%3D%3D",Oosten – Realwirtschaft am Main,"Mayfarthstraße 4, 60314 Frankfurt am Main",4.3 ,4656,/url?q=https://oosten-frankfurt.com/&opi=79508299&sa=U&ved=0ahUKEwiSmaOr5MeSAxVedUEAHWKbKysQ61gIEygO&usg=AOvVaw2n2pWgs2MgL3QI6GyrqM0x,069 9494256814,
"https://www.google.com/maps/place/Restaurant+Thai+Fun/@50.1077347,8.6685591,17z/data=!3m1!4b1!4m6!3m5!1s0x47bd0eaa99090aad:0x6f533d006cb59aa9!8m2!3d50.1077347!4d8.6685591!16s%2Fg%2F1v5k23l4?authuser=0&hl=de&entry=ttu&g_ep=EgoyMDI2MDIwNC4wIKXMDSoASAFQAw%3D%3D",Restaurant Thai Fun,"Elbestraße 15, 60329 Frankfurt am Main",4.7 ,1183,/url?q=http://www.thaifun-halal.de/&opi=79508299&sa=U&ved=0ahUKEwiwidWt5MeSAxXaQEEAHQBwEhgQ61gIFigO&usg=AOvVaw1gNZcpVx9RtChNGfIb4DxE,069 26958430,10–20 
"https://www.google.com/maps/place/L'Osteria+Frankfurt+am+Main/@50.1012697,8.663637,17z/data=!3m1!4b1!4m6!3m5!1s0x47bd0bf8bfc959ff:0x1a3c0b0f9d8360ee!8m2!3d50.1012697!4d8.663637!16s%2Fg%2F1hc9spv35?authuser=0&hl=de&entry=ttu&g_ep=EgoyMDI2MDIwNC4wIKXMDSoASAFQAw%3D%3D",L'Osteria Frankfurt am Main,"Speicherstraße 1, 60327 Frankfurt am Main",4.2 ,7076,/url?q=https://losteria.net/de/restaurants/restaurant/frankfurt-am-main/&opi=79508299&sa=U&ved=0ahUKEwj05pSw5MeSAxWzU0EAHRUYFokQ61gIFigO&usg=AOvVaw0M2-HIoajGN4myl1NKKTFW,069 24247020,20–30 
